content,label
LINE FILTER,ItemName
F2G0J331A172,PartNo
Made In CHINA,Oringin
19451806/19050073/M08PC9AA298S02-P0.,PO
GOB103HO00247,PartNo
LINE FILTER,ItemName
Made In VIETNAM,Oringin
19446033/19044743/M08PC99A118S02,PO
BOJCMGO00043,PartNo
SCHOTTKY BARRIER RECTIFIER,ItemName
Made In CHINA,Oringin
BOBC6R8A0654,PartNo
VOLTAGE REGULATION DIODES,ItemName
Made In CHINA,Oringin
19446040/19044743/M08PC99A118S02,PO
COABBBO00230,PartNo
AMPLIFIER OTHER IC,ItemName
Made In JAPAN,Oringin
19446043/19044744/MO8PC99A119S02,PO
F1GIH102A830,PartNo
MULTILAYER CERAMIC CAPACITOR,ItemName
Made In CHINA,Oringin
TOUCH PANEL,ItemName
NFC SHIELD SHEET,ItemName
P1033677-010/3000308479,PO
Made In MALASYIA,Oringin
N2BAAYY00180,PartNo
FIJ1H22A679,PartNo
ASSEMBLED IN JAPAN,Oringin
SILICON,ItemName





















